{
	"events": [
		{
			"event_id": "dialogic_024",
			"set_theme": "theme-1647209346.cfg"
		},
		{
			"condition": "<",
			"definition": "1647182312-366",
			"event_id": "dialogic_012",
			"value": "10"
		},
		{
			"character": "character-1647117958.json",
			"event_id": "dialogic_001",
			"portrait": "",
			"text": "[playername] você ainda não alcançou a nota mínima no minigame, volte e tente novamente para completar a trilha deste curso."
		},
		{
			"emit_signal": "apend-1",
			"event_id": "dialogic_040"
		},
		{
			"event_id": "dialogic_013"
		},
		{
			"condition": ">=",
			"definition": "1647182312-366",
			"event_id": "dialogic_012",
			"value": "10"
		},
		{
			"character": "character-1647117958.json",
			"event_id": "dialogic_001",
			"portrait": "",
			"text": "Parabéns [playername]! Sua jornada nesse curso está completa, foi um prazer ter te guiado!"
		},
		{
			"event_id": "dialogic_013"
		}
	],
	"metadata": {
		"dialogic-version": "1.3",
		"file": "timeline-1647297148.json",
		"name": "RecepcionistaA-3"
	}
}
