{
	"events": [
		{
			"event_id": "dialogic_024",
			"set_theme": "theme-1647209346.cfg"
		},
		{
			"character": "character-1647117958.json",
			"event_id": "dialogic_001",
			"portrait": "",
			"text": "[playername] bem-vindo à Nasa! Aqui você terá uma ideia melhor de como um profissional formado em CIÊNCIA DA COMPUTAÇÃO trabalha na prática. Atinja a nota mínima no QUIZ e depois volte aqui para prosseguir."
		},
		{
			"emit_signal": "nsend0",
			"event_id": "dialogic_040"
		}
	],
	"metadata": {
		"dialogic-version": "1.3",
		"file": "timeline-1647280755.json",
		"name": "RecepcionistaN-0"
	}
}
