{
	"events": [
		{
			"event_id": "dialogic_024",
			"set_theme": "theme-1647209310.cfg"
		},
		{
			"character": "character-1648752939.json",
			"event_id": "dialogic_001",
			"portrait": "",
			"text": "Inclusive [playername], sempre que quiser interagir com um NPC, pode apertar a letra E do seu teclado. \nCaso seja necessário você pode pedir ajuda para mim, basta clicar no botão de interrogação no canto superior direito da sua tela. Estarei aqui sempre que precisar para lhe ajudar.\nPara se movimentar dentro do jogo utilize as teclas W, A, S e D ou Setas de Navegação do seu teclado. \nEntão [playername], vamos começar sua jornada! Procure um mentor em uma das casas na parte superior do mapa e inicie sua aventura! "
		},
		{
			"emit_signal": "godend0",
			"event_id": "dialogic_040"
		},
		{
			"definition": "1647366069-648",
			"event_id": "dialogic_014",
			"operation": "=",
			"random_upper_limit": 100,
			"set_random": false,
			"set_value": "10"
		}
	],
	"metadata": {
		"dialogic-version": "1.3",
		"file": "timeline-1648753059.json",
		"name": "AdaLove-1"
	}
}
