{
	"events": [
		{
			"event_id": "dialogic_024",
			"set_theme": "theme-1647209349.cfg"
		},
		{
			"character": "character-1647288409.json",
			"event_id": "dialogic_001",
			"portrait": "",
			"text": "Olá [playername], seja bem-vindo à área de experimento da Microsoft.\nAqui você passará por um minigame, o qual será seu último desafio da sua jornada de ENGENHARIA DE SOFTWARE."
		},
		{
			"character": "character-1647288409.json",
			"event_id": "dialogic_010",
			"options": [

			],
			"portrait": "",
			"question": "Deseja iniciar o minigame agora?"
		},
		{
			"choice": "Sim",
			"condition": "",
			"definition": "",
			"event_id": "dialogic_011",
			"value": ""
		},
		{
			"definition": "1647366069-648",
			"event_id": "dialogic_014",
			"operation": "=",
			"random_upper_limit": 100,
			"set_random": false,
			"set_value": "63"
		},
		{
			"emit_signal": "rmend0",
			"event_id": "dialogic_040"
		},
		{
			"emit_signal": "minigame0",
			"event_id": "dialogic_040"
		},
		{
			"change_scene": "res://Scenes/Minigame Microsoft.tscn",
			"event_id": "dialogic_041"
		},
		{
			"choice": "Não",
			"condition": "",
			"definition": "",
			"event_id": "dialogic_011",
			"value": ""
		},
		{
			"event_id": "dialogic_013"
		}
	],
	"metadata": {
		"dialogic-version": "1.3",
		"file": "timeline-1647300627.json",
		"name": "RecrutadoraMicrosoft-0"
	}
}
