{
	"events": [
		{
			"event_id": "dialogic_024",
			"set_theme": "theme-1647209349.cfg"
		},
		{
			"character": "character-1647288409.json",
			"event_id": "dialogic_001",
			"portrait": "",
			"text": "Este código que estou te mostrando quando colocada a expressão matemática certa, ele consegue apresentar a média de três notas.\nPara passar em nossa experiencia escolha a expressão matemática correta.\nLembrando que os textos entre “#” são comentários, não faz parte do código"
		},
		{
			"emit_signal": "rnend0",
			"event_id": "dialogic_040"
		},
		{
			"emit_signal": "minigame0",
			"event_id": "dialogic_040"
		},
		{
			"change_scene": "res://Scenes/MinigameNasa.tscn",
			"event_id": "dialogic_041"
		}
	],
	"metadata": {
		"dialogic-version": "1.3",
		"file": "timeline-1647451688.json",
		"name": "RecrutadoraNasa-1"
	}
}
