{
	"events": [
		{
			"event_id": "dialogic_024",
			"set_theme": "theme-1647209346.cfg"
		},
		{
			"condition": "<",
			"definition": "1647182325-146",
			"event_id": "dialogic_012",
			"value": "30"
		},
		{
			"character": "character-1647117958.json",
			"event_id": "dialogic_001",
			"portrait": "",
			"text": "[playername], parece que você não atingiu a nota mínima no QUIZ! Por favor, volte à casa do mentor e refaça o QUIZ para aumentar sua nota."
		},
		{
			"event_id": "dialogic_013"
		},
		{
			"condition": ">=",
			"definition": "1647182325-146",
			"event_id": "dialogic_012",
			"value": "30"
		},
		{
			"character": "character-1647117958.json",
			"event_id": "dialogic_001",
			"portrait": "",
			"text": "Parabéns [playername]! Você conseguiu passar no QUIZ e foi contratado pela Apple!\nSe dirija ao elevador à sua direita para prosseguir na empresa."
		},
		{
			"call_node": {
				"arguments": [

				],
				"method_name": "_ElevadorEnable",
				"target_node_path": "/root/ElonMusgo/Interior/Area2DApple"
			},
			"event_id": "dialogic_042"
		},
		{
			"definition": "1647366069-648",
			"event_id": "dialogic_014",
			"operation": "=",
			"random_upper_limit": 100,
			"set_random": false,
			"set_value": "44"
		},
		{
			"emit_signal": "apend0",
			"event_id": "dialogic_040"
		},
		{
			"emit_signal": "apend1",
			"event_id": "dialogic_040"
		},
		{
			"event_id": "dialogic_013"
		}
	],
	"metadata": {
		"dialogic-version": "1.3",
		"file": "timeline-1647280798.json",
		"name": "RecepcionistaA-1"
	}
}
