{
	"events": [
		{
			"event_id": "dialogic_024",
			"set_theme": "theme-1647208439.cfg"
		},
		{
			"character": "character-1647267811.json",
			"event_id": "dialogic_001",
			"portrait": "",
			"text": "Olá [playername]! Eu sou a Dorothy Van, uma das primeiras mulheres negras a ser supervisora na área de computação da NASA.\nDepois de te passar algumas informações sobre a área de ciência da computação, farei algumas perguntas para testar seus conhecimentos sobre o assunto.\nPrimeiro [playername], um cientista da computação é responsável por desenvolver a parte cientifica, como as teorias, métodos, linguagens, modelos e também o tecnológico da computação. Esse profissional junta dois mundos, ele faz ferramentas para área de computação e software.\nA programação funcional é um dos assuntos tratados em ciência da computação dentro da concepção de algoritmos de alta performance. Ela um pouco diferente das outras, como a imperativa que segue linha embaixo de linha, essa segue um jeito diferenciado, sendo a principal forma de estruturar o programa, a definição e aplicação de funções.\nO sistema digital também está relacionado à área de ciência da computação na parte de desenvolvimento de algoritmos em restrição de recursos. Esse sistema é uma combinação de dispositivos projetados para manipular informação lógica ou quantidades físicas que são representadas no formato digital. \nExemplos de sistemas digitais: computadores digitais, calculadoras, sistema de telefonia, entre outros. \nTem-se também os sistemas distribuídos, o qual está espalhado por todos os lugares, sendo acessível a todos. O sistema distribuído é um conjunto de computadores independentes entre si, ligados através de uma rede de dados, que se apresentam aos utilizadores como um sistema único e coerente.\n Exemplos de sistemas distribuídos são: Sistemas de Pesquisas, Sistemas Financeiros, Jogos Online e Redes Sociais."
		},
		{
			"character": "character-1647267811.json",
			"event_id": "dialogic_010",
			"options": [

			],
			"portrait": "",
			"question": "[playername], agora que ja te expliquei o básico sobre CIÊNCIA DA COMPUTAÇÃO, você deseja começar o quiz?"
		},
		{
			"choice": "Sim",
			"condition": "",
			"definition": "",
			"event_id": "dialogic_011",
			"value": ""
		},
		{
			"character": "character-1647267811.json",
			"event_id": "dialogic_010",
			"options": [

			],
			"portrait": "",
			"question": "Qual das funções abaixo o profissional formado em ciência da computação atua preferencialmente?"
		},
		{
			"choice": "Análise de dados.",
			"condition": "",
			"definition": "",
			"event_id": "dialogic_011",
			"value": ""
		},
		{
			"choice": "Desenvolvimento de teorias, métodos e linguagens.",
			"condition": "",
			"definition": "",
			"event_id": "dialogic_011",
			"value": ""
		},
		{
			"definition": "1647181102-787",
			"event_id": "dialogic_014",
			"operation": "+",
			"random_upper_limit": 100,
			"set_random": false,
			"set_value": "15"
		},
		{
			"choice": "Arquitetura de softwares.",
			"condition": "",
			"definition": "",
			"event_id": "dialogic_011",
			"value": ""
		},
		{
			"choice": " Web designer.",
			"condition": "",
			"definition": "",
			"event_id": "dialogic_011",
			"value": ""
		},
		{
			"choice": "Nenhuma das respostas anteriores.",
			"condition": "",
			"definition": "",
			"event_id": "dialogic_011",
			"value": ""
		},
		{
			"event_id": "dialogic_013"
		},
		{
			"character": "character-1647267811.json",
			"event_id": "dialogic_010",
			"options": [

			],
			"portrait": "",
			"question": "Quais das programações abaixo tem mais ênfase na área de ciência da computação?"
		},
		{
			"choice": "Programação funcional.",
			"condition": "",
			"definition": "",
			"event_id": "dialogic_011",
			"value": ""
		},
		{
			"definition": "1647181102-787",
			"event_id": "dialogic_014",
			"operation": "+",
			"random_upper_limit": 100,
			"set_random": false,
			"set_value": "15"
		},
		{
			"choice": "Programação Orientada a objetos.",
			"condition": "",
			"definition": "",
			"event_id": "dialogic_011",
			"value": ""
		},
		{
			"choice": " Programação Imperativa.",
			"condition": "",
			"definition": "",
			"event_id": "dialogic_011",
			"value": ""
		},
		{
			"choice": "Programação Lógica.",
			"condition": "",
			"definition": "",
			"event_id": "dialogic_011",
			"value": ""
		},
		{
			"choice": "Programação Declarativo.",
			"condition": "",
			"definition": "",
			"event_id": "dialogic_011",
			"value": ""
		},
		{
			"event_id": "dialogic_013"
		},
		{
			"character": "character-1647267811.json",
			"event_id": "dialogic_010",
			"options": [

			],
			"portrait": "",
			"question": "Qual das tecnologias abaixo NÃO faz parte do sistema digital?"
		},
		{
			"choice": " Computadores digitais.",
			"condition": "",
			"definition": "",
			"event_id": "dialogic_011",
			"value": ""
		},
		{
			"choice": "Calculadoras Digitais.",
			"condition": "",
			"definition": "",
			"event_id": "dialogic_011",
			"value": ""
		},
		{
			"choice": "Alto-falante.",
			"condition": "",
			"definition": "",
			"event_id": "dialogic_011",
			"value": ""
		},
		{
			"definition": "1647181102-787",
			"event_id": "dialogic_014",
			"operation": "+",
			"random_upper_limit": 100,
			"set_random": false,
			"set_value": "15"
		},
		{
			"choice": " Sistema de Telefonia (maior do mundo).",
			"condition": "",
			"definition": "",
			"event_id": "dialogic_011",
			"value": ""
		},
		{
			"choice": "Relógios Digitais.",
			"condition": "",
			"definition": "",
			"event_id": "dialogic_011",
			"value": ""
		},
		{
			"event_id": "dialogic_013"
		},
		{
			"character": "character-1647267811.json",
			"event_id": "dialogic_010",
			"options": [

			],
			"portrait": "",
			"question": "Qual das alternativas é a correta sobre sistema distribuído?\nI. É um conjunto de computadores independentes entre si.\nII. Se apresenta aos utilizadores como um sistema único e coerente.\nIII. Exemplo de sistemas distribuídos: Sistemas Financeiros, Jogos Online e Redes Sociais."
		},
		{
			"choice": "I,II",
			"condition": "",
			"definition": "",
			"event_id": "dialogic_011",
			"value": ""
		},
		{
			"choice": "I,III",
			"condition": "",
			"definition": "",
			"event_id": "dialogic_011",
			"value": ""
		},
		{
			"choice": "II,III",
			"condition": "",
			"definition": "",
			"event_id": "dialogic_011",
			"value": ""
		},
		{
			"choice": "III",
			"condition": "",
			"definition": "",
			"event_id": "dialogic_011",
			"value": ""
		},
		{
			"choice": "I,II,III",
			"condition": "",
			"definition": "",
			"event_id": "dialogic_011",
			"value": ""
		},
		{
			"definition": "1647181102-787",
			"event_id": "dialogic_014",
			"operation": "+",
			"random_upper_limit": 100,
			"set_random": false,
			"set_value": "15"
		},
		{
			"event_id": "dialogic_013"
		},
		{
			"condition": "<",
			"definition": "1647181102-787",
			"event_id": "dialogic_012",
			"value": "30"
		},
		{
			"character": "character-1647267811.json",
			"event_id": "dialogic_001",
			"portrait": "",
			"text": "Que pena [playername]! Parece que você não atingiu a nota mínima no QUIZ. Por favor, tente novamente."
		},
		{
			"definition": "1647366069-648",
			"event_id": "dialogic_014",
			"operation": "=",
			"random_upper_limit": 100,
			"set_random": false,
			"set_value": "12"
		},
		{
			"emit_signal": "dvend3",
			"event_id": "dialogic_040"
		},
		{
			"event_id": "dialogic_013"
		},
		{
			"condition": ">=",
			"definition": "1647181102-787",
			"event_id": "dialogic_012",
			"value": "30"
		},
		{
			"character": "character-1647267811.json",
			"event_id": "dialogic_001",
			"portrait": "",
			"text": " Muito bem [playername]! Agora que você completou o QUIZ, pode ir até o prédio da NASA para ter a experiência do curso."
		},
		{
			"definition": "1647366069-648",
			"event_id": "dialogic_014",
			"operation": "=",
			"random_upper_limit": 100,
			"set_random": false,
			"set_value": "32"
		},
		{
			"emit_signal": "nsend0",
			"event_id": "dialogic_040"
		},
		{
			"emit_signal": "dvend0",
			"event_id": "dialogic_040"
		},
		{
			"event_id": "dialogic_013"
		},
		{
			"choice": "Não",
			"condition": "",
			"definition": "",
			"event_id": "dialogic_011",
			"value": ""
		},
		{
			"character": "character-1647267811.json",
			"event_id": "dialogic_001",
			"portrait": "",
			"text": "Ok, quando quiser, volte até mim para realizar o QUIZ!"
		},
		{
			"definition": "1647366069-648",
			"event_id": "dialogic_014",
			"operation": "=",
			"random_upper_limit": 100,
			"set_random": false,
			"set_value": "12"
		},
		{
			"emit_signal": "dvend3",
			"event_id": "dialogic_040"
		},
		{
			"event_id": "dialogic_013"
		}
	],
	"metadata": {
		"dialogic-version": "1.3",
		"file": "timeline-1647267717.json",
		"name": "DorothyVan-0"
	}
}
