{
	"events": [
		{
			"event_id": "dialogic_024",
			"set_theme": "theme-1647208252.cfg"
		},
		{
			"character": "character-1649097756.json",
			"event_id": "dialogic_001",
			"portrait": "",
			"text": "Olá! seja bem-vindo(a) a biblioteca! Aqui você pode ter acesso a diversos conteúdos sobre as áreas e carreiras de tecnologia!"
		},
		{
			"character": "character-1649097756.json",
			"event_id": "dialogic_010",
			"options": [

			],
			"portrait": "",
			"question": "Sobre qual curso você quer saber mais?"
		},
		{
			"choice": "Sistemas de informação",
			"condition": "",
			"definition": "",
			"event_id": "dialogic_011",
			"value": ""
		},
		{
			"change_scene": "res://Scenes/SalaSI.tscn",
			"event_id": "dialogic_041"
		},
		{
			"choice": "Ciência da computação",
			"condition": "",
			"definition": "",
			"event_id": "dialogic_011",
			"value": ""
		},
		{
			"change_scene": "res://Scenes/SalaCC.tscn",
			"event_id": "dialogic_041"
		},
		{
			"choice": "Engenharia da computação",
			"condition": "",
			"definition": "",
			"event_id": "dialogic_011",
			"value": ""
		},
		{
			"change_scene": "res://Scenes/SalaEC.tscn",
			"event_id": "dialogic_041"
		},
		{
			"choice": "Engenharia de software",
			"condition": "",
			"definition": "",
			"event_id": "dialogic_011",
			"value": ""
		},
		{
			"change_scene": "res://Scenes/SalaES.tscn",
			"event_id": "dialogic_041"
		},
		{
			"choice": "No momento nenhum",
			"condition": "",
			"definition": "",
			"event_id": "dialogic_011",
			"value": ""
		},
		{
			"character": "character-1649097756.json",
			"event_id": "dialogic_001",
			"portrait": "",
			"text": "Ok, fale comigo novamente quando quiser acessar."
		},
		{
			"event_id": "dialogic_013"
		}
	],
	"metadata": {
		"dialogic-version": "1.3",
		"file": "timeline-1649097580.json",
		"name": "Bibliotecario2-0"
	}
}
