{
	"events": [
		{
			"event_id": "dialogic_024",
			"set_theme": "theme-1647209349.cfg"
		},
		{
			"character": "character-1647288409.json",
			"event_id": "dialogic_001",
			"portrait": "",
			"text": "Uma empresa, dona de um aplicativo de delivery mobile, te contratou para fazer algumas melhorias no app. \nVocê recebeu uma avaliação de usuário e precisa corrigi-la. Para isso, escreva qual das possíveis funções e variáveis você usará no local indicado.\nNão esqueça, é importante que os nomes estejam escritos exatamente iguais estão nos exemplos."
		},
		{
			"emit_signal": "raend0",
			"event_id": "dialogic_040"
		},
		{
			"emit_signal": "minigame0",
			"event_id": "dialogic_040"
		},
		{
			"change_scene": "res://Scenes/MinigameApple.tscn",
			"event_id": "dialogic_041"
		}
	],
	"metadata": {
		"dialogic-version": "1.3",
		"file": "timeline-1647451926.json",
		"name": "RecrutadoraApple-1"
	}
}
