{
	"events": [
		{
			"event_id": "dialogic_024",
			"set_theme": "theme-1647209342.cfg"
		},
		{
			"character": "character-1647223667.json",
			"event_id": "dialogic_010",
			"options": [

			],
			"portrait": "",
			"question": "Você deseja começar o quiz?"
		},
		{
			"choice": "Sim",
			"condition": "",
			"definition": "",
			"event_id": "dialogic_011",
			"value": ""
		},
		{
			"character": "character-1647223667.json",
			"event_id": "dialogic_010",
			"options": [

			],
			"portrait": "",
			"question": "Qual vantagem um profissional dessa área NÃO oferece à uma empresa?"
		},
		{
			"choice": "Escolha inteligente de hardware para otimizar o sistema.",
			"condition": "",
			"definition": "",
			"event_id": "dialogic_011",
			"value": ""
		},
		{
			"choice": "Maior segurança aos dados dos clientes.",
			"condition": "",
			"definition": "",
			"event_id": "dialogic_011",
			"value": ""
		},
		{
			"choice": "Fazer a planta de uma construção",
			"condition": "",
			"definition": "",
			"event_id": "dialogic_011",
			"value": ""
		},
		{
			"definition": "1647182325-146",
			"event_id": "dialogic_014",
			"operation": "+",
			"random_upper_limit": 100,
			"set_random": false,
			"set_value": "15"
		},
		{
			"choice": "Montar uma estratégia empresarial.",
			"condition": "",
			"definition": "",
			"event_id": "dialogic_011",
			"value": ""
		},
		{
			"choice": "Desenvolvimento de um software para uso corporativo.",
			"condition": "",
			"definition": "",
			"event_id": "dialogic_011",
			"value": ""
		},
		{
			"event_id": "dialogic_013"
		},
		{
			"character": "character-1647223667.json",
			"event_id": "dialogic_010",
			"options": [

			],
			"portrait": "",
			"question": "Qual dessas opções é primordialmente vista em sistemas de informação, diferentemente de outros cursos?"
		},
		{
			"choice": "Gestão de dados.",
			"condition": "",
			"definition": "",
			"event_id": "dialogic_011",
			"value": ""
		},
		{
			"definition": "1647182325-146",
			"event_id": "dialogic_014",
			"operation": "+",
			"random_upper_limit": 100,
			"set_random": false,
			"set_value": "15"
		},
		{
			"choice": "Arquitetura de um computador.",
			"condition": "",
			"definition": "",
			"event_id": "dialogic_011",
			"value": ""
		},
		{
			"choice": "Como construir um hadware.",
			"condition": "",
			"definition": "",
			"event_id": "dialogic_011",
			"value": ""
		},
		{
			"choice": "Automatização de máquinas industriais.",
			"condition": "",
			"definition": "",
			"event_id": "dialogic_011",
			"value": ""
		},
		{
			"choice": "Desenvolvimento de um aplicativo mobile.",
			"condition": "",
			"definition": "",
			"event_id": "dialogic_011",
			"value": ""
		},
		{
			"event_id": "dialogic_013"
		},
		{
			"character": "character-1647223667.json",
			"event_id": "dialogic_010",
			"options": [

			],
			"portrait": "",
			"question": "Qual a importância dos dados coletados por um profissinal dessa área?"
		},
		{
			"choice": "Ajudam a empresa a entender como competir em seu mercado e criar uma vantagem competitiva para garantir seu lugar no mercado.",
			"condition": "",
			"definition": "",
			"event_id": "dialogic_011",
			"value": ""
		},
		{
			"choice": "Ajudam a entender o perfil dos clientes.",
			"condition": "",
			"definition": "",
			"event_id": "dialogic_011",
			"value": ""
		},
		{
			"choice": "Entender como melhorar seu produto.",
			"condition": "",
			"definition": "",
			"event_id": "dialogic_011",
			"value": ""
		},
		{
			"choice": "Traz mais confiabilidade às decisões tomadas pelos líderes da empresa.",
			"condition": "",
			"definition": "",
			"event_id": "dialogic_011",
			"value": ""
		},
		{
			"choice": "Todas as alternativas acima.",
			"condition": "",
			"definition": "",
			"event_id": "dialogic_011",
			"value": ""
		},
		{
			"definition": "1647182325-146",
			"event_id": "dialogic_014",
			"operation": "+",
			"random_upper_limit": 100,
			"set_random": false,
			"set_value": "15"
		},
		{
			"event_id": "dialogic_013"
		},
		{
			"character": "character-1647223667.json",
			"event_id": "dialogic_010",
			"options": [

			],
			"portrait": "",
			"question": "Quais das alternativas abaixo NÃO são competências de profissionais que cursaram sistemas de informação?"
		},
		{
			"choice": "Administrar o fluxo de informação, planejar e organizar o processamento, o armazenamento e a recuperação de informações.",
			"condition": "",
			"definition": "",
			"event_id": "dialogic_011",
			"value": ""
		},
		{
			"choice": "Garantir segurança aos dados e informações da empresa.",
			"condition": "",
			"definition": "",
			"event_id": "dialogic_011",
			"value": ""
		},
		{
			"choice": "Integrar e gerenciar tecnologias da informação para problemas e demandas organizacionais.",
			"condition": "",
			"definition": "",
			"event_id": "dialogic_011",
			"value": ""
		},
		{
			"choice": "Implementar soluções desconsiderando os efeitos causados nas informações e no sistema.",
			"condition": "",
			"definition": "",
			"event_id": "dialogic_011",
			"value": ""
		},
		{
			"definition": "1647182325-146",
			"event_id": "dialogic_014",
			"operation": "+",
			"random_upper_limit": 100,
			"set_random": false,
			"set_value": "15"
		},
		{
			"choice": "Modelar e implementar soluções de Tecnologia de Informação em variados domínios de aplicação.",
			"condition": "",
			"definition": "",
			"event_id": "dialogic_011",
			"value": ""
		},
		{
			"event_id": "dialogic_013"
		},
		{
			"condition": "<",
			"definition": "1647182325-146",
			"event_id": "dialogic_012",
			"value": "30"
		},
		{
			"definition": "1647366069-648",
			"event_id": "dialogic_014",
			"operation": "=",
			"random_upper_limit": 100,
			"set_random": false,
			"set_value": "14"
		},
		{
			"character": "character-1647223667.json",
			"event_id": "dialogic_001",
			"portrait": "",
			"text": "Que pena [playername]! Parece que você não atingiu a nota mínima no QUIZ. Por favor, tente novamente."
		},
		{
			"emit_signal": "stend3",
			"event_id": "dialogic_040"
		},
		{
			"event_id": "dialogic_013"
		},
		{
			"condition": ">=",
			"definition": "1647182325-146",
			"event_id": "dialogic_012",
			"value": "30"
		},
		{
			"character": "character-1647223667.json",
			"event_id": "dialogic_001",
			"portrait": "",
			"text": " Muito bem [playername]! Agora que você completou o QUIZ, pode ir até o prédio da APPLE para ter a experiência do curso."
		},
		{
			"definition": "1647366069-648",
			"event_id": "dialogic_014",
			"operation": "=",
			"random_upper_limit": 100,
			"set_random": false,
			"set_value": "34"
		},
		{
			"emit_signal": "apend0",
			"event_id": "dialogic_040"
		},
		{
			"emit_signal": "stend0",
			"event_id": "dialogic_040"
		},
		{
			"event_id": "dialogic_013"
		},
		{
			"choice": "Não",
			"condition": "",
			"definition": "",
			"event_id": "dialogic_011",
			"value": ""
		},
		{
			"character": "character-1647223667.json",
			"event_id": "dialogic_001",
			"portrait": "",
			"text": "Ok, quando quiser, volte até mim para realizar o QUIZ!"
		},
		{
			"definition": "1647366069-648",
			"event_id": "dialogic_014",
			"operation": "=",
			"random_upper_limit": 100,
			"set_random": false,
			"set_value": "14"
		},
		{
			"event_id": "dialogic_013"
		}
	],
	"metadata": {
		"dialogic-version": "1.3",
		"file": "timeline-1648667762.json",
		"name": "SteveTrabalho-3"
	}
}
