{
	"events": [
		{
			"event_id": "dialogic_024",
			"set_theme": "theme-1647209348.cfg"
		},
		{
			"character": "character-1647343070.json",
			"event_id": "dialogic_001",
			"portrait": "",
			"text": "Olá Jogador(a)  seja bem-vindo a simulação que vai lhe ajudar a descobrir o caminho que você deve trilhar na sua vida acadêmica e laboral! Aperte a barra de espaço para pular para a próxima fala e a tecla enter para selecionar uma opção em respostas.\nViu como é fácil?! Aliás meu nome é Alan Turing e eu serei seu mentor nessa aventura, estarei aqui sempre que precisar para te ajudar, assim como ajudei a salvar milhões de vidas na segunda guerra mundial com a minha máquina Enigma que descriptografava mensagens nazistas.\nOnde estão meus modos, qual é seu nome mesmo?"
		},
		{
			"event_id": "dialogic_023",
			"wait_seconds": 0.5
		},
		{
			"call_node": {
				"arguments": [

				],
				"method_name": "_getcharactersName",
				"target_node_path": "/root/OpenWorld/Player/Camera2D"
			},
			"event_id": "dialogic_042"
		},
		{
			"emit_signal": "godend0",
			"event_id": "dialogic_040"
		}
	],
	"metadata": {
		"dialogic-version": "1.3",
		"file": "timeline-1647287726.json",
		"name": "AlanTuring-0"
	}
}
