{
	"events": [
		{
			"event_id": "dialogic_024",
			"set_theme": "theme-1647134832.cfg"
		},
		{
			"character": "character-1649081665.json",
			"event_id": "dialogic_010",
			"options": [

			],
			"portrait": "",
			"question": "Deseja acessar seu relatório de desempenho?"
		},
		{
			"choice": "Sim",
			"condition": "",
			"definition": "",
			"event_id": "dialogic_011",
			"value": ""
		},
		{
			"change_scene": "res://Scenes/Computer.tscn",
			"event_id": "dialogic_041"
		},
		{
			"choice": "Não",
			"condition": "",
			"definition": "",
			"event_id": "dialogic_011",
			"value": ""
		},
		{
			"character": "character-1649081665.json",
			"event_id": "dialogic_001",
			"portrait": "",
			"text": "Ok, fale comigo novamente quando quiser acessar."
		},
		{
			"event_id": "dialogic_013"
		}
	],
	"metadata": {
		"dialogic-version": "1.3",
		"file": "timeline-1649080811.json",
		"name": "Bibliotecario1-1"
	}
}
