{
	"events": [
		{
			"event_id": "dialogic_024",
			"set_theme": "theme-1647134832.cfg"
		},
		{
			"character": "character-1647027241.json",
			"event_id": "dialogic_010",
			"options": [

			],
			"portrait": "",
			"question": "Você deseja começar o quiz?"
		},
		{
			"choice": "Sim",
			"condition": "",
			"definition": "",
			"event_id": "dialogic_011",
			"value": ""
		},
		{
			"character": "character-1647027241.json",
			"event_id": "dialogic_010",
			"options": [

			],
			"portrait": "",
			"question": "Qual das alternativas NÃO é uma característica de cidades inteligentes?"
		},
		{
			"choice": " Cidades inteligentes dependem somente de IOT (Intenet das coisas) para existir.",
			"condition": "",
			"definition": "",
			"event_id": "dialogic_011",
			"value": ""
		},
		{
			"definition": "1647182381-713",
			"event_id": "dialogic_014",
			"operation": "+",
			"random_upper_limit": 100,
			"set_random": false,
			"set_value": "15"
		},
		{
			"choice": "São voltadas para o aumento da qualidade de vida dos cidadãos.",
			"condition": "",
			"definition": "",
			"event_id": "dialogic_011",
			"value": ""
		},
		{
			"choice": "Interferem na mobilidade urbana.",
			"condition": "",
			"definition": "",
			"event_id": "dialogic_011",
			"value": ""
		},
		{
			"choice": "São planejadas para serem limpas ao ambiente.",
			"condition": "",
			"definition": "",
			"event_id": "dialogic_011",
			"value": ""
		},
		{
			"choice": "Devem promover o desenvolvimento econômico com planos locais para a indústria, inovação e iniciativas empreendedoras.",
			"condition": "",
			"definition": "",
			"event_id": "dialogic_011",
			"value": ""
		},
		{
			"event_id": "dialogic_013"
		},
		{
			"character": "character-1647027241.json",
			"event_id": "dialogic_010",
			"options": [

			],
			"portrait": "",
			"question": "Qual das alternativas está correta?\nI. Só trabalha com hardware.\nII. É capaz de construir um robô e programá-lo para funcionar.\nIII. Deve ser capaz de realizar estudos de viabilidade técnico-econômica do projeto."
		},
		{
			"choice": "I,II",
			"condition": "",
			"definition": "",
			"event_id": "dialogic_011",
			"value": ""
		},
		{
			"choice": "II,III",
			"condition": "",
			"definition": "",
			"event_id": "dialogic_011",
			"value": ""
		},
		{
			"definition": "1647182381-713",
			"event_id": "dialogic_014",
			"operation": "+",
			"random_upper_limit": 100,
			"set_random": false,
			"set_value": "15"
		},
		{
			"choice": "III",
			"condition": "",
			"definition": "",
			"event_id": "dialogic_011",
			"value": ""
		},
		{
			"choice": "I,III",
			"condition": "",
			"definition": "",
			"event_id": "dialogic_011",
			"value": ""
		},
		{
			"choice": "I,II,III",
			"condition": "",
			"definition": "",
			"event_id": "dialogic_011",
			"value": ""
		},
		{
			"event_id": "dialogic_013"
		},
		{
			"character": "character-1647027241.json",
			"event_id": "dialogic_010",
			"options": [

			],
			"portrait": "",
			"question": "Quais desses exemplos *NÃO* são de sistemas embarcados?"
		},
		{
			"choice": "Roteadores",
			"condition": "",
			"definition": "",
			"event_id": "dialogic_011",
			"value": ""
		},
		{
			"choice": "Calculadores",
			"condition": "",
			"definition": "",
			"event_id": "dialogic_011",
			"value": ""
		},
		{
			"choice": "Smartphones",
			"condition": "",
			"definition": "",
			"event_id": "dialogic_011",
			"value": ""
		},
		{
			"definition": "1647182381-713",
			"event_id": "dialogic_014",
			"operation": "+",
			"random_upper_limit": 100,
			"set_random": false,
			"set_value": "15"
		},
		{
			"choice": "Impressoras",
			"condition": "",
			"definition": "",
			"event_id": "dialogic_011",
			"value": ""
		},
		{
			"choice": "Controle remoto",
			"condition": "",
			"definition": "",
			"event_id": "dialogic_011",
			"value": ""
		},
		{
			"event_id": "dialogic_013"
		},
		{
			"character": "character-1647027241.json",
			"event_id": "dialogic_010",
			"options": [

			],
			"portrait": "",
			"question": "Qual dessas opções é primordialmente vista em Engenharia da computação, diferentemente de outros cursos?"
		},
		{
			"choice": "Desenvolver um app mobile de entrega de comida.",
			"condition": "",
			"definition": "",
			"event_id": "dialogic_011",
			"value": ""
		},
		{
			"choice": "Aprimorar uma máquina industrial para que ela funcione de forma autônoma",
			"condition": "",
			"definition": "",
			"event_id": "dialogic_011",
			"value": ""
		},
		{
			"definition": "1647182381-713",
			"event_id": "dialogic_014",
			"operation": "+",
			"random_upper_limit": 100,
			"set_random": false,
			"set_value": "15"
		},
		{
			"choice": "Identificar novas oportunidades de negócios e desenvolver soluções inovadoras.",
			"condition": "",
			"definition": "",
			"event_id": "dialogic_011",
			"value": ""
		},
		{
			"choice": "Análise do banco de dados de uma pesquisa de satisfação de uma empresa.",
			"condition": "",
			"definition": "",
			"event_id": "dialogic_011",
			"value": ""
		},
		{
			"choice": "Desenvolvimento de software utilizando blockchain.",
			"condition": "",
			"definition": "",
			"event_id": "dialogic_011",
			"value": ""
		},
		{
			"event_id": "dialogic_013"
		},
		{
			"condition": ">=",
			"definition": "1647182381-713",
			"event_id": "dialogic_012",
			"value": "30"
		},
		{
			"character": "character-1647027241.json",
			"event_id": "dialogic_001",
			"portrait": "",
			"text": " Muito bem [playername]! Você atingiu a nota necessária no QUIZ! Vá até o prédio da TESLA para ter a experiência do curso."
		},
		{
			"definition": "1647366069-648",
			"event_id": "dialogic_014",
			"operation": "=",
			"random_upper_limit": 100,
			"set_random": false,
			"set_value": "31"
		},
		{
			"emit_signal": "tsend0",
			"event_id": "dialogic_040"
		},
		{
			"emit_signal": "emend0",
			"event_id": "dialogic_040"
		},
		{
			"event_id": "dialogic_013"
		},
		{
			"condition": "<",
			"definition": "1647182381-713",
			"event_id": "dialogic_012",
			"value": "30"
		},
		{
			"character": "character-1647027241.json",
			"event_id": "dialogic_001",
			"portrait": "",
			"text": "Que pena[playername]! Parece que você não atingiu a nota mínima no QUIZ. Por favor, tente novamente."
		},
		{
			"definition": "1647366069-648",
			"event_id": "dialogic_014",
			"operation": "=",
			"random_upper_limit": 100,
			"set_random": false,
			"set_value": "11"
		},
		{
			"emit_signal": "emend3",
			"event_id": "dialogic_040"
		},
		{
			"event_id": "dialogic_013"
		},
		{
			"choice": "Não",
			"condition": "",
			"definition": "",
			"event_id": "dialogic_011",
			"value": ""
		},
		{
			"character": "character-1647027241.json",
			"event_id": "dialogic_001",
			"portrait": "",
			"text": "Ok, quando quiser, volte até mim para realizar o QUIZ!"
		},
		{
			"definition": "1647366069-648",
			"event_id": "dialogic_014",
			"operation": "=",
			"random_upper_limit": 100,
			"set_random": false,
			"set_value": "11"
		},
		{
			"event_id": "dialogic_013"
		}
	],
	"metadata": {
		"dialogic-version": "1.3",
		"file": "timeline-1648662155.json",
		"name": "ElonMusgo-3"
	}
}
